<?xml version="1.0" encoding="UTF-8"?>
<project-private xmlns="http://www.netbeans.org/ns/project-private/1">
    <editor-bookmarks xmlns="http://www.netbeans.org/ns/editor-bookmarks/2" lastBookmarkId="0"/>
    <open-files xmlns="http://www.netbeans.org/ns/projectui-open-files/2">
        <group>
            <file>file:/C:/Users/kcass/OneDrive/Desktop/JSPSystemInfo/web/index.jsp</file>
            <file>file:/C:/Users/kcass/OneDrive/Desktop/JSPSystemInfo/web/index.xhtml</file>
            <file>file:/C:/Users/kcass/OneDrive/Desktop/JSPSystemInfo/src/java/servlets/Servlet.java</file>
            <file>file:/C:/Users/kcass/OneDrive/Desktop/JSPSystemInfo/src/conf/MANIFEST.MF</file>
            <file>file:/C:/Users/kcass/OneDrive/Desktop/JSPSystemInfo/src/java/beans/Bean.java</file>
        </group>
    </open-files>
</project-private>
